,entity,type
0,Bilbo,PERSON
1,Baggins,PERSON
2,Hobbiton,LOCATION
3,Shire,LOCATION
4,Sackville,LOCATION
5,Frodo,PERSON
6,Bagginses,LOCATION
7,Frodo,LOCATION
8,Bagginses,PERSON
9,Bywater,LOCATION
10,Ham,PERSON
11,Gamgee,PERSON
12,Bush,PERSON
13,Holman,PERSON
14,Sam,PERSON
15,Hill,LOCATION
16,Noakes,PERSON
17,Brandybuck,PERSON
18,Buckland,LOCATION
19,Brandywine,LOCATION
20,River,LOCATION
21,Buckland,PERSON
22,Old,LOCATION
23,Forest,LOCATION
24,Drogo,PERSON
25,Primula,PERSON
26,Brandy,LOCATION
27,Hall,LOCATION
28,Gorbadoc,PERSON
29,Sandyman,PERSON
30,Gaffer,PERSON
31,Michel,PERSON
32,Delving,PERSON
33,Westfarthing,LOCATION
34,Bridge,LOCATION
35,Hill,PERSON
36,Gamgee,LOCATION
37,garden,LOCATION
38,Dale,LOCATION
39,Dale,PERSON
40,Bilbo,LOCATION
41,Brandybucks,PERSON
42,Burrowses,LOCATION
43,Bracegirdles,LOCATION
44,Brockhouses,LOCATION
45,Hornblowers,PERSON
46,Sackville,PERSON
47,Otho,PERSON
48,Lobelia,PERSON
49,Grubbs,PERSON
50,Chubbs,LOCATION
51,Bolgers,PERSON
52,Proudfoot,PERSON
53,Uncle,PERSON
54,Melilot,PERSON
55,Springle,LOCATION
56,Jolly,PERSON
57,Esgaroth,LOCATION
58,Long,LOCATION
59,Lake,LOCATION
60,Odo,PERSON
61,Boffin,PERSON
62,Brandybuck,LOCATION
63,Grubb,PERSON
64,Burrows,PERSON
65,Bolger,PERSON
66,Bracegirdle,LOCATION
67,Brockhouse,PERSON
68,Hornblower,PERSON
69,Rory,PERSON
70,Gollum,LOCATION
71,Grey,PERSON
72,Tooks,PERSON
73,ADELARD,PERSON
74,Dora,PERSON
75,MILO,PERSON
76,BURROWS,PERSON
77,B.B.,PERSON
78,Milo,PERSON
79,LOBELIA,PERSON
80,SACKVILLE,PERSON
81,BAGGINS,PERSON
82,Hugo,PERSON
83,Bagshot,PERSON
84,Row,PERSON
85,Southfarthing,LOCATION
86,Winyards,PERSON
87,Merry,PERSON
88,Lobelia,LOCATION
89,Sancho,PERSON
90,Gandalf,PERSON
91,Shire,PERSON
92,Bag,PERSON
93,End,PERSON
94,Mad,PERSON
95,Folco,PERSON
96,Fredegar,PERSON
97,Peregrin,PERSON
98,Took,PERSON
99,Meriadoc,PERSON
100,Pippin,PERSON
101,Elves,PERSON
102,East,LOCATION
103,ÔÇô,LOCATION
104,West,LOCATION
105,Road,LOCATION
106,Blue,LOCATION
107,Mountains,LOCATION
108,Mirkwood,LOCATION
109,Ted,PERSON
110,North,LOCATION
111,Moors,LOCATION
112,Hal,PERSON
113,Halfast,LOCATION
114,White,LOCATION
115,Towers,LOCATION
116,South,LOCATION
117,Eregion,LOCATION
118,Saruman,PERSON
119,Bracegirdles,PERSON
120,Sauron,PERSON
121,Westernesse,LOCATION
122,Gil,PERSON
123,Elendil,PERSON
124,Isildur,PERSON
125,Great,LOCATION
126,Anduin,LOCATION
127,Gladden,LOCATION
128,Fields,LOCATION
129,Isildur,LOCATION
130,Council,PERSON
131,the,PERSON
132,Wise,PERSON
133,Wilderland,LOCATION
134,Sm├®agol,PERSON
135,D├®agol,PERSON
136,D├®agol,LOCATION
137,Sm├®agol,LOCATION
138,Misty,LOCATION
139,Elendil,LOCATION
140,Gollum,PERSON
141,Moon,PERSON
142,Mirkwood,PERSON
143,Woodmen,PERSON
144,Saruman,LOCATION
145,Aragorn,LOCATION
146,Gandalf,LOCATION
147,Ancalagon,PERSON
148,Black,PERSON
149,Orodruin,LOCATION
150,Underhill,PERSON
151,Lor,PERSON
152,Rivendell,LOCATION
153,Elrond,PERSON
154,Halfelven,PERSON
155,Crickhollow,LOCATION
156,Bucklebury,LOCATION
157,Lotho,PERSON
158,Bagshot,LOCATION
159,ÔÇÖs,PERSON
160,ÔÇÖll,PERSON
161,Tookland,LOCATION
162,Green,LOCATION
163,Country,LOCATION
164,Tookland,PERSON
165,Woodhall,PERSON
166,Stock,PERSON
167,Hills,LOCATION
168,Woody,PERSON
169,Pippin,LOCATION
170,Tower,LOCATION
171,Elbereth,LOCATION
172,Sea,LOCATION
173,Elf,PERSON
174,Hail,PERSON
175,Gildor,PERSON
176,Inglorion,PERSON
177,Woodhall,LOCATION
178,Menelvagor,PERSON
179,Elbereth,PERSON
180,Bucklebury,PERSON
181,Gildor,LOCATION
182,Golden,LOCATION
183,Perch,LOCATION
184,Bamfurlong,PERSON
185,Farmer,LOCATION
186,Maggot,LOCATION
187,Fang,PERSON
188,Wolf,PERSON
189,Maggot,PERSON
190,black,PERSON
191,Grip,PERSON
192,Farmer,PERSON
193,Gorhendad,PERSON
194,Oldbuck,PERSON
195,Rushey,LOCATION
196,Withywindle,PERSON
197,Buck,PERSON
198,Peregrin,LOCATION
199,Lawks,PERSON
200,ÔÇÖs,LOCATION
201,Eastfarthing,LOCATION
202,Budgeford,LOCATION
203,Bridgefields,LOCATION
204,Fredegar,LOCATION
205,Glade,LOCATION
206,Haysend,LOCATION
207,Withywindle,LOCATION
208,Tom,PERSON
209,Bom,PERSON
210,Bombadillo,PERSON
211,Bombadil,PERSON
212,Goldberry,PERSON
213,Goldberry,LOCATION
214,Barrows,LOCATION
215,Sun,PERSON
216,Carn,PERSON
217,D├╗m,PERSON
218,Lumpkin,PERSON
219,Bumpkin,PERSON
220,Fatty,PERSON
221,Wight,PERSON
222,Angmar,PERSON
223,Road,PERSON
224,west,LOCATION
225,east,LOCATION
226,Bree,PERSON
227,hill,PERSON
228,Butterbur,PERSON
229,Bree,LOCATION
230,Staddle,LOCATION
231,Combe,PERSON
232,Archet,PERSON
233,Chetwood,LOCATION
234,the,LOCATION
235,World,LOCATION
236,Greenway,LOCATION
237,Harry,PERSON
238,BARLIMAN,PERSON
239,BUTTERBUR,PERSON
240,Barliman,PERSON
241,Bob,PERSON
242,Nob,PERSON
243,Rushlight,PERSON
244,Goatleaf,LOCATION
245,Appledore,LOCATION
246,Longholes,LOCATION
247,Sandheaver,PERSON
248,Tunnelly,LOCATION
249,Underhills,PERSON
250,Underhills,LOCATION
251,Will,PERSON
252,Whitfoot,PERSON
253,Westfarthing,PERSON
254,Strider,PERSON
255,Butterbur,LOCATION
256,Master,PERSON
257,ÔÇô,PERSON
258,Man,PERSON
259,Mugwort,PERSON
260,STRIDER,PERSON
261,Bill,PERSON
262,Ferny,PERSON
263,ÔÇÖ,PERSON
264,Barley,PERSON
265,Barley,LOCATION
266,FRODO,PERSON
267,Barliman,LOCATION
268,Strider,LOCATION
269,Baggins,LOCATION
270,Dear,PERSON
271,Weathertop,PERSON
272,Nob,LOCATION
273,gate,LOCATION
274,Eriador,LOCATION
275,Crickhollow,PERSON
276,Ranger,PERSON
277,Combe,LOCATION
278,Sammie,PERSON
279,Weathertop,LOCATION
280,Chetwood,PERSON
281,Angmar,LOCATION
282,Kingdom,LOCATION
283,Amon,PERSON
284,S├╗l,PERSON
285,Mordor,LOCATION
286,Forsaken,LOCATION
287,Inn,LOCATION
288,Bruinen,LOCATION
289,Loudwater,PERSON
290,galad,PERSON
291,Elrond,LOCATION
292,Tin├║viel,LOCATION
293,Tin├║viel,PERSON
294,Beren,PERSON
295,mantle,PERSON
296,Elvenhome,PERSON
297,moon,LOCATION
298,Elvish,PERSON
299,Barahir,LOCATION
300,L├║thien,PERSON
301,Angband,LOCATION
302,Barahir,PERSON
303,Thingol,LOCATION
304,Neldoreth,LOCATION
305,Esgalduin,PERSON
306,L├║thien,LOCATION
307,Thingol,PERSON
308,E├ñrendil,LOCATION
309,N├║menor,LOCATION
310,Westernesse,PERSON
311,Dawn,PERSON
312,Athelas,PERSON
313,River,PERSON
314,Hoarwell,PERSON
315,Mitheithel,PERSON
316,Loudwater,LOCATION
317,Greyflood,PERSON
318,Hoarwell,LOCATION
319,Bruinen,PERSON
320,Said,PERSON
321,Tim,PERSON
322,Trover,PERSON
323,Hee,PERSON
324,Darn,PERSON
325,Doner,PERSON
326,Glorfindel,PERSON
327,Baranduin,LOCATION
328,Mitheithel,LOCATION
329,Glorfindel,LOCATION
330,Grey,LOCATION
331,Arathorn,LOCATION
332,Men,LOCATION
333,Ring,PERSON
334,Eldar,PERSON
335,Hullo,PERSON
336,Arwen,PERSON
337,Und├│miel,PERSON
338,L├│rien,LOCATION
339,Elladan,PERSON
340,Elrohir,PERSON
341,Rangers,PERSON
342,North,PERSON
343,Gl├│in,PERSON
344,Thorin,PERSON
345,Oakenshield,PERSON
346,Lonely,LOCATION
347,Mountain,LOCATION
348,Grimbeorn,PERSON
349,Carrock,LOCATION
350,Gl├│in,LOCATION
351,Beorn,PERSON
352,Bard,PERSON
353,Bowman,PERSON
354,Bain,LOCATION
355,D├íin,PERSON
356,Dwalin,PERSON
357,Dori,PERSON
358,Bifur,LOCATION
359,Bofur,LOCATION
360,Bombur,LOCATION
361,Bombur,PERSON
362,Balin,PERSON
363,Hobbiton,PERSON
364,D├║nadan,PERSON
365,E├ñrendil,PERSON
366,Arvernien,LOCATION
367,Nimbrethil,LOCATION
368,Tarmenel,LOCATION
369,Evernight,PERSON
370,Valinor,LOCATION
371,Eldamar,PERSON
372,Ilmarin,LOCATION
373,Silmaril,LOCATION
374,Evereven,LOCATION
375,Wall,LOCATION
376,Norland,LOCATION
377,Hither,LOCATION
378,Shores,LOCATION
379,Lindir,PERSON
380,Gilthoniel,PERSON
381,Fanuilos,PERSON
382,Lady,PERSON
383,son,PERSON
384,Gimli,PERSON
385,Erestor,PERSON
386,Galdor,PERSON
387,C├¡rdan,LOCATION
388,Legolas,LOCATION
389,Thranduil,PERSON
390,Northern,LOCATION
391,Boromir,PERSON
392,Khazad,LOCATION
393,Ori,PERSON
394,Moria,PERSON
395,Moria,LOCATION
396,Celebrimbor,PERSON
397,An├írion,LOCATION
398,Arnor,LOCATION
399,Gondor,LOCATION
400,Beleriand,LOCATION
401,Thangorodrim,PERSON
402,Gondolin,LOCATION
403,Elwing,PERSON
404,Dagorlad,LOCATION
405,Aeglos,PERSON
406,Narsil,PERSON
407,Boromir,LOCATION
408,C├¡rdan,PERSON
409,ÔÇØ,PERSON
410,Ohtar,PERSON
411,Valandil,LOCATION
412,An├írion,PERSON
413,Ann├║minas,LOCATION
414,Evendim,LOCATION
415,Fornost,LOCATION
416,Downs,LOCATION
417,Osgiliath,LOCATION
418,Eress├½a,LOCATION
419,Gorgoroth,PERSON
420,Minas,PERSON
421,Ithil,PERSON
422,Anor,PERSON
423,Osgiliath,PERSON
424,Argonath,LOCATION
425,Gondor,PERSON
426,Morgul,LOCATION
427,Ithilien,LOCATION
428,Rohan,PERSON
429,Denethor,LOCATION
430,Denethor,PERSON
431,Imladris,PERSON
432,Rh├╗n,LOCATION
433,Harad,PERSON
434,D├║nedain,LOCATION
435,Galdor,LOCATION
436,Dol,LOCATION
437,Guldur,LOCATION
438,Minas,LOCATION
439,Nine,PERSON
440,Meneldil,PERSON
441,Black,LOCATION
442,Gate,LOCATION
443,Vale,LOCATION
444,Imladris,LOCATION
445,Legolas,PERSON
446,Dol,PERSON
447,Guldur,PERSON
448,Radagast,PERSON
449,Brown,PERSON
450,Rhosgobel,LOCATION
451,Radagast,LOCATION
452,White,PERSON
453,Orthanc,LOCATION
454,Orthanc,PERSON
455,Isengard,LOCATION
456,Ered,PERSON
457,Nimrais,PERSON
458,Isengard,PERSON
459,Gwaihir,PERSON
460,Windlord,PERSON
461,Gwaihir,LOCATION
462,Edoras,LOCATION
463,Rohirrim,PERSON
464,Rohan,LOCATION
465,Shadowfax,PERSON
466,Dunland,LOCATION
467,Iarwain,PERSON
468,Ben,PERSON
469,Orald,PERSON
470,Iarwain,LOCATION
471,Argonath,PERSON
472,Dwarf,PERSON
473,Thr├│r,PERSON
474,Thr├íin,PERSON
475,Anduin,PERSON
476,Thr├íin,LOCATION
477,Hador,LOCATION
478,H├║rin,PERSON
479,T├║rin,LOCATION
480,Tharbad,LOCATION
481,Silverlode,PERSON
482,Arathorn,PERSON
483,Mount,LOCATION
484,Doom,LOCATION
485,Hollin,LOCATION
486,Eregion,PERSON
487,Gimli,LOCATION
488,Baraz,LOCATION
489,Zirak,PERSON
490,Dwarrowdelf,PERSON
491,Barazinbar,PERSON
492,Redhorn,LOCATION
493,Silvertine,PERSON
494,Celebdil,PERSON
495,Fanuidhol,LOCATION
496,Zirakzigil,PERSON
497,Caradhras,LOCATION
498,Silverlode,LOCATION
499,Kheled,LOCATION
500,Kibil,LOCATION
501,Wind,LOCATION
502,Greyflood,LOCATION
503,Fangorn,LOCATION
504,Caradhras,PERSON
505,Ruling,LOCATION
506,Ring,LOCATION
507,Isen,PERSON
508,Langstrand,LOCATION
509,Lebennin,PERSON
510,Dark,LOCATION
511,Barad,PERSON
512,Fundin,LOCATION
513,trail,LOCATION
514,Bandobras,LOCATION
515,Wargs,PERSON
516,Sirannon,PERSON
517,Holly,PERSON
518,Narvi,PERSON
519,Annon,PERSON
520,Middle,LOCATION
521,Ber├║thiel,PERSON
522,Mirrormere,LOCATION
523,Nargothrond,LOCATION
524,Gondolin,PERSON
525,Buckler,PERSON
526,Durin,LOCATION
527,Mathom,PERSON
528,BALIN,PERSON
529,Floi,PERSON
530,Fr├ír,PERSON
531,L├│ni,PERSON
532,N├íli,PERSON
533,Westgate,LOCATION
534,Fundin,PERSON
535,Mazarbul,LOCATION
536,Glamdring,PERSON
537,Sting,PERSON
538,Balin,LOCATION
539,Lord,LOCATION
540,And├║ril,PERSON
541,Barrow,PERSON
542,Second,LOCATION
543,First,LOCATION
544,Balrog,PERSON
545,Balrog,LOCATION
546,Ud├╗n,LOCATION
547,Dimrill,PERSON
548,Mirrormere,PERSON
549,Lothl├│rien,LOCATION
550,Wood,LOCATION
551,Lothl├│rien,PERSON
552,L├│rien,PERSON
553,Nimrodel,LOCATION
554,Nimrodel,PERSON
555,Amroth,PERSON
556,Amroth,LOCATION
557,Bay,LOCATION
558,Belfalas,LOCATION
559,Galadhrim,LOCATION
560,Galadhrim,PERSON
561,R├║mil,PERSON
562,Orophin,PERSON
563,Haldir,PERSON
564,Haldir,LOCATION
565,R├║mil,LOCATION
566,Celebrant,PERSON
567,Andy,PERSON
568,Gore,PERSON
569,Egladil,LOCATION
570,Egladil,PERSON
571,Cerin,PERSON
572,green,LOCATION
573,city,LOCATION
574,Southern,LOCATION
575,Caras,PERSON
576,Galadhon,PERSON
577,Celeborn,PERSON
578,Galadriel,PERSON
579,Caras,LOCATION
580,Galadhon,LOCATION
581,Morgoth,LOCATION
582,Mithrandir,PERSON
583,Mithrandir,LOCATION
584,Nenya,LOCATION
585,Nenya,PERSON
586,Celeborn,LOCATION
587,Sarn,PERSON
588,Gebir,PERSON
589,Rauros,LOCATION
590,Nen,LOCATION
591,Hithoel,LOCATION
592,Beornings,PERSON
593,Fences,LOCATION
594,Eldamar,LOCATION
595,Wetwang,LOCATION
596,Nindalf,PERSON
597,Cirith,PERSON
598,Gorgor,PERSON
599,ÔÇÿ,PERSON
600,Entwash,PERSON
601,Fangorn,PERSON
602,Northerland,LOCATION
603,Celebr├¡an,PERSON
604,Celebr├¡an,LOCATION
605,Elessar,PERSON
606,Evenstar,PERSON
607,Mirror,PERSON
608,bank,LOCATION
609,Tintall├½,PERSON
610,Varda,PERSON
611,Oioloss├½o,PERSON
612,Nai,PERSON
613,Kindler,PERSON
614,Everwhite,LOCATION
615,Calacirya,LOCATION
616,Valimar,PERSON
617,Rauros,PERSON
618,Tindrock,LOCATION
619,Isle,LOCATION
620,Riddermark,LOCATION
621,Limlight,PERSON
622,Sarn,LOCATION
623,Gebir,LOCATION
624,New,LOCATION
625,Moon,LOCATION
626,Stair,LOCATION
627,Hen,PERSON
628,Muil,PERSON
629,Emyn,LOCATION
630,Muil,LOCATION
631,Nen,PERSON
632,Hithoel,PERSON
633,Lhaw,PERSON
634,Wilderland,PERSON
635,Parth,PERSON
636,Galen,PERSON
637,Tol,LOCATION
638,Brandir,LOCATION
639,Gorgoroth,LOCATION
640,Tower,PERSON
641,Tirith,LOCATION
642,Tirith,PERSON
643,goes,LOCATION
644,Meriadoc,LOCATION
645,Parth,LOCATION
646,Galen,LOCATION
647,BOROMIR,LOCATION
648,Barad,LOCATION
649,ÔÇÖ,LOCATION
650,going,PERSON
651,Emyn,PERSON
652,Rohirrim,LOCATION
653,Eastemnet,LOCATION
654,Wold,LOCATION
655,Methedras,PERSON
656,Methedras,LOCATION
657,Young,PERSON
658,├ëomund,LOCATION
659,├ëomer,PERSON
660,Elfstone,LOCATION
661,├ëomer,LOCATION
662,Greyhame,PERSON
663,Th├®oden,PERSON
664,Th├®oden,LOCATION
665,Entwash,LOCATION
666,Eorl,LOCATION
667,Westemnet,PERSON
668,Wood,PERSON
669,Meduseld,LOCATION
670,├ëothain,PERSON
671,G├írulf,PERSON
672,Arod,PERSON
673,Hasufel,LOCATION
674,Wold,PERSON
675,Ugl├║k,PERSON
676,Lugb├║rz,LOCATION
677,Lugb├║rz,PERSON
678,Uruk,PERSON
679,hai,PERSON
680,Ugl├║k,LOCATION
681,Grishn├íkh,PERSON
682,Lugdush,PERSON
683,Snaga,PERSON
684,Grishn├íkh,LOCATION
685,Has,PERSON
686,Nazg├╗l,PERSON
687,Lugb├╗rz,LOCATION
688,Whiteskins,PERSON
689,Mauh├║r,PERSON
690,Lembas,PERSON
691,Horn,PERSON
692,Mark,PERSON
693,Place,LOCATION
694,Tooks,LOCATION
695,Tuckborough,PERSON
696,Gerontius,PERSON
697,Hoom,PERSON
698,Treebeard,LOCATION
699,Hart,PERSON
700,Laurelind├│renan,LOCATION
701,End,LOCATION
702,Ossiriand,LOCATION
703,Ambar├│na,LOCATION
704,Tauremorna,LOCATION
705,Aldal├│m├½,LOCATION
706,Tauremornal├│m├½,LOCATION
707,Wellinghall,PERSON
708,Wellinghall,LOCATION
709,Entwives,PERSON
710,Angrenost,LOCATION
711,Fladrif,PERSON
712,Finglas,PERSON
713,Ents,PERSON
714,Leaflock,PERSON
715,Skinbark,PERSON
716,Entings,PERSON
717,Entmaidens,PERSON
718,Fimbrethil,LOCATION
719,Wandlimb,LOCATION
720,Fimbrethil,PERSON
721,Entwives,LOCATION
722,Earth,LOCATION
723,saw,PERSON
724,Hoo,PERSON
725,Entish,PERSON
726,Bregalad,LOCATION
727,Bregalad,PERSON
728,Rowan,PERSON
729,Rose,PERSON
730,Lassemista,LOCATION
731,Derndingle,LOCATION
732,Elvish,LOCATION
733,Nan,PERSON
734,Curun├¡r,PERSON
735,Edoras,PERSON
736,And├║ril,LOCATION
737,Zirakzigil,LOCATION
738,Silvertine,LOCATION
739,Celebdil,LOCATION
740,D├║nedain,PERSON
741,Hasufel,PERSON
742,Mearas,LOCATION
743,KING,PERSON
744,King,PERSON
745,Felar├│f,PERSON
746,Mundburg,LOCATION
747,Wormtongue,PERSON
748,Great,PERSON
749,Doorward,PERSON
750,H├íma,LOCATION
751,H├íma,PERSON
752,Thengel,LOCATION
753,Telchar,PERSON
754,Stormcrow,PERSON
755,L├íthspell,PERSON
756,Dwimordene,LOCATION
757,Gr├¡ma,PERSON
758,G├ílm├│d,LOCATION
759,Eorl,PERSON
760,Gr├¡ma,LOCATION
761,Marshal,PERSON
762,Herugrim,PERSON
763,Herugrim,LOCATION
764,├ëowyn,PERSON
765,Aragorn,PERSON
766,Dunharrow,LOCATION
767,Dunharrow,PERSON
768,Firefoot,PERSON
769,Westfold,LOCATION
770,Snowmane,PERSON
771,Thrihyrne,LOCATION
772,Hornburg,PERSON
773,Hornrock,PERSON
774,Westfold,PERSON
775,Erkenbrand,PERSON
776,Hornburg,LOCATION
777,Gamling,PERSON
778,Erkenbrand,LOCATION
779,Westfolders,PERSON
780,Khaz├ód,LOCATION
781,Khaz├ód,PERSON
782,Helmingas,PERSON
783,Helmingas,LOCATION
784,Deep,PERSON
785,House,LOCATION
786,Greenleaf,PERSON
787,Grimbold,PERSON
788,Elfhelm,PERSON
789,Meduseld,PERSON
790,Isen,LOCATION
791,Fang,LOCATION
792,Sea,PERSON
793,Saradoc,LOCATION
794,Paladin,LOCATION
795,Holbytlan,PERSON
796,Tobold,PERSON
797,Longbottom,PERSON
798,gardens,LOCATION
799,Toby,PERSON
800,Quickbeam,PERSON
801,Entmoot,PERSON
802,Beechbone,PERSON
803,Huorns,PERSON
804,Lord,PERSON
805,Horsemaster,PERSON
806,Watchwood,LOCATION
807,Baran,PERSON
808,Nazg├╗l,LOCATION
809,Noldor,PERSON
810,Anor,LOCATION
811,S├║l,PERSON
812,Gulf,LOCATION
813,Lune,LOCATION
814,Arnor,PERSON
815,Ithil,LOCATION
816,Aglarond,PERSON
817,Mindolluin,LOCATION
818,Marish,PERSON
819,unslung,PERSON
820,Tighfield,PERSON
821,Precious,PERSON
822,Ach,PERSON
823,Day,PERSON
824,Samwise,PERSON
825,Orcses,PERSON
826,Brandir,PERSON
827,Ephel,PERSON
828,D├║ath,PERSON
829,Lithui,PERSON
830,Lithlad,LOCATION
831,N├║rnen,LOCATION
832,Morannon,LOCATION
833,ÔÇÖd,PERSON
834,Mordor,PERSON
835,Slinker,PERSON
836,Ered,LOCATION
837,Lithui,LOCATION
838,Ephel,LOCATION
839,D├║ath,LOCATION
840,Eastlands,LOCATION
841,Overlord,LOCATION
842,Shadowy,LOCATION
843,Ungol,PERSON
844,Oliphaunt,PERSON
845,Shiretalk,PERSON
846,Sunlands,LOCATION
847,Swertings,PERSON
848,Heather,PERSON
849,Ithilien,PERSON
850,Row,LOCATION
851,Aye,PERSON
852,Faramir,PERSON
853,Hamfast,PERSON
854,Broken,LOCATION
855,Damrod,PERSON
856,Mablung,PERSON
857,Umbar,LOCATION
858,Damrod,LOCATION
859,Southrons,PERSON
860,Southrons,LOCATION
861,Ware,PERSON
862,That,PERSON
863,Laurelind├│renan,PERSON
864,Land,PERSON
865,Mablung,LOCATION
866,Mardil,LOCATION
867,E├ñrnur,PERSON
868,Mardil,PERSON
869,Inc├ínus,LOCATION
870,Dagorlad,PERSON
871,Henneth,PERSON
872,Ann├╗n,PERSON
873,Anborn,PERSON
874,Elvenhome,LOCATION
875,N├║men├│reans,PERSON
876,Calenardhon,LOCATION
877,Horn,LOCATION
878,Boro,PERSON
879,Anborn,LOCATION
880,Imlad,LOCATION
881,Henneth,LOCATION
882,Ann├╗n,LOCATION
883,Morgulduin,LOCATION
884,Morgulduin,PERSON
885,Valley,LOCATION
886,Southward,LOCATION
887,Morgul,PERSON
888,Silmaril,PERSON
889,Thangorodrim,LOCATION
890,Stinker,PERSON
891,Torech,PERSON
892,Aiya,PERSON
893,Elenion,PERSON
894,Ancalima,PERSON
895,Shelob,PERSON
896,Doriath,LOCATION
897,Phial,PERSON
898,SAMWISE,PERSON
899,Turin,LOCATION
900,Galadriel,LOCATION
901,Shagrat,PERSON
902,Dead,LOCATION
903,City,LOCATION
904,Gorbag,PERSON
905,Oho,LOCATION
906,Shagrat,LOCATION
907,Carrion,PERSON
908,Ladyship,PERSON
909,Garn,PERSON
910,Ufthak,PERSON
911,Gorbag,LOCATION
912,An├▓rien,LOCATION
913,D├«n,PERSON
914,Nardol,LOCATION
915,Erelas,LOCATION
916,Calenhad,LOCATION
917,Ingold,PERSON
918,An├│rien,LOCATION
919,Arnen,PERSON
920,Lossarnach,LOCATION
921,Prince,PERSON
922,Imrahil,PERSON
923,Imrahil,LOCATION
924,Guarded,LOCATION
925,rod,PERSON
926,Vorondil,PERSON
927,Araw,LOCATION
928,Steward,PERSON
929,Beregond,PERSON
930,Baranor,PERSON
931,Targon,PERSON
932,north,LOCATION
933,Pelennor,PERSON
934,Tumladen,LOCATION
935,Lebennin,LOCATION
936,Beregond,LOCATION
937,Inland,LOCATION
938,Harad,LOCATION
939,Rath,PERSON
940,Celerdain,PERSON
941,Ernil,PERSON
942,Pheriannath,PERSON
943,Guesthouse,LOCATION
944,Whitwell,PERSON
945,Tuckborough,LOCATION
946,Iorlas,PERSON
947,Bergil,PERSON
948,Bergil,LOCATION
949,Dervorin,PERSON
950,Morthond,LOCATION
951,Blackroot,LOCATION
952,Duinhir,PERSON
953,Duilin,PERSON
954,Derufin,PERSON
955,Anfalas,PERSON
956,Golasgil,LOCATION
957,Lamedon,PERSON
958,Fisher,PERSON
959,Pinnath,LOCATION
960,Gelin,LOCATION
961,Silver,LOCATION
962,Swan,LOCATION
963,Mindolluin,PERSON
964,Halbarad,PERSON
965,Halbarad,LOCATION
966,Elfstone,PERSON
967,Burg,PERSON
968,Dunlendings,PERSON
969,Burg,LOCATION
970,Roheryn,LOCATION
971,Stybba,PERSON
972,Arvedui,LOCATION
973,Erech,PERSON
974,Erech,LOCATION
975,N├║menor,PERSON
976,Roheryn,PERSON
977,├ëowyn,LOCATION
978,Harrowdale,LOCATION
979,Nay,PERSON
980,Gloin,PERSON
981,Gloin,LOCATION
982,Elf,LOCATION
983,Pelargir,LOCATION
984,Stone,PERSON
985,Calembel,LOCATION
986,Ciril,PERSON
987,Pinnath,PERSON
988,Gelin,PERSON
989,Prince,LOCATION
990,Harrowdale,PERSON
991,Starkhorn,LOCATION
992,Starkhorn,PERSON
993,D├║nhere,PERSON
994,├ìrensaga,LOCATION
995,Dwimorberg,PERSON
996,P├║kel,LOCATION
997,Firienfeld,LOCATION
998,Firienfeld,PERSON
999,Baldor,PERSON
1000,Brego,LOCATION
1001,Brego,PERSON
1002,Fey,PERSON
1003,Snowbourn,LOCATION
1004,Hirgon,PERSON
1005,Stybba,LOCATION
1006,Underharrow,LOCATION
1007,Upbourn,LOCATION
1008,Thengel,PERSON
1009,Folde,LOCATION
1010,Fenmarch,PERSON
1011,Sunlending,LOCATION
1012,Mundburg,PERSON
1013,kingdom,LOCATION
1014,Folde,PERSON
1015,Dernhelm,PERSON
1016,Windfola,PERSON
1017,Fenmarch,LOCATION
1018,Nardol,PERSON
1019,GONDOR,LOCATION
1020,Pelennor,LOCATION
1021,Shadowfax,LOCATION
1022,Southlands,LOCATION
1023,Vale,PERSON
1024,Rammas,PERSON
1025,Haradrim,LOCATION
1026,Faramir,LOCATION
1027,Andros,LOCATION
1028,An├│rien,PERSON
1029,Fen,PERSON
1030,Hollen,PERSON
1031,D├¡nen,PERSON
1032,Grond,PERSON
1033,Eilenach,LOCATION
1034,Beacon,LOCATION
1035,Dernhelm,LOCATION
1036,Elfhelm,LOCATION
1037,Dr├║adan,LOCATION
1038,Woses,PERSON
1039,Wild,PERSON
1040,Gh├ón,PERSON
1041,buri,PERSON
1042,Stonehouse,PERSON
1043,Dr├╣adan,PERSON
1044,Rimmon,PERSON
1045,Men,PERSON
1046,Stonewain,LOCATION
1047,An├▓rien,PERSON
1048,Gh├ón,LOCATION
1049,W├¡dfara,LOCATION
1050,W├¡dfara,PERSON
1051,Riders,PERSON
1052,Guthl├íf,LOCATION
1053,Guthl├íf,PERSON
1054,Snowmane,LOCATION
1055,Valar,LOCATION
1056,Ringwraith,PERSON
1057,├ëomund,PERSON
1058,D├®orwine,PERSON
1059,Lightfoot,PERSON
1060,Howe,PERSON
1061,Hirluin,PERSON
1062,Lossarnach,PERSON
1063,H├╣rin,LOCATION
1064,Gothmog,PERSON
1065,Khand,LOCATION
1066,Harlond,LOCATION
1067,Stern,PERSON
1068,Narsil,LOCATION
1069,Forlong,PERSON
1070,Grimbold,LOCATION
1071,Grimslade,LOCATION
1072,Northlands,LOCATION
1073,Stoningland,LOCATION
1074,Harding,PERSON
1075,Herefara,PERSON
1076,Herubrand,LOCATION
1077,Forlong,LOCATION
1078,Arnach,LOCATION
1079,Derufin,LOCATION
1080,Duilin,LOCATION
1081,Citadel,LOCATION
1082,House,PERSON
1083,Morthond,PERSON
1084,Ioreth,PERSON
1085,Envinyatar,PERSON
1086,Ioreth,LOCATION
1087,Breath,PERSON
1088,Imloth,PERSON
1089,Melui,PERSON
1090,Leaf,PERSON
1091,Warden,LOCATION
1092,Pelargir,PERSON
1093,earth,LOCATION
1094,Ringl├│,LOCATION
1095,Gilrain,LOCATION
1096,Lamedon,LOCATION
1097,Erui,LOCATION
1098,Angbor,PERSON
1099,afar,LOCATION
1100,Sauron,LOCATION
1101,Erebor,PERSON
1102,Erebor,LOCATION
1103,D├íin,LOCATION
1104,Easterlings,PERSON
1105,Cair,PERSON
1106,Andros,PERSON
1107,Easterlings,LOCATION
1108,Shelob,LOCATION
1109,Morgai,LOCATION
1110,Cirith,LOCATION
1111,Ungol,LOCATION
1112,Narchost,PERSON
1113,Carchost,PERSON
1114,garrison,PERSON
1115,Radbug,PERSON
1116,Lagduf,PERSON
1117,Muzgash,PERSON
1118,head,PERSON
1119,into,PERSON
1120,Orodruin,PERSON
1121,Isenmouthe,LOCATION
1122,Carach,PERSON
1123,Angren,PERSON
1124,Ashen,LOCATION
1125,Power,PERSON
1126,Morgai,PERSON
1127,Durthang,LOCATION
1128,delight,PERSON
1129,Rosie,PERSON
1130,Cotton,PERSON
1131,south,LOCATION
1132,Sammath,LOCATION
1133,Naur,LOCATION
1134,Eagles,PERSON
1135,Thorondor,PERSON
1136,Encircling,LOCATION
1137,Rh├╗n,PERSON
1138,Easterling,PERSON
1139,Southron,LOCATION
1140,Windlord,LOCATION
1141,Landroval,PERSON
1142,Rivendell,PERSON
1143,Landroval,LOCATION
1144,Lost,LOCATION
1145,Field,LOCATION
1146,Cormallen,LOCATION
1147,Warden,PERSON
1148,Finduilas,PERSON
1149,Lady,LOCATION
1150,Cair,LOCATION
1151,Queen,PERSON
1152,Periain,PERSON
1153,Periain,LOCATION
1154,Keys,PERSON
1155,Star,PERSON
1156,Valandil,PERSON
1157,Arnen,LOCATION
1158,Galathilion,LOCATION
1159,Nimloth,LOCATION
1160,D├¡n,PERSON
1161,High,LOCATION
1162,Merethrond,LOCATION
1163,Hall,PERSON
1164,Gl├®owine,PERSON
1165,Hope,PERSON
1166,Baldor,LOCATION
1167,Fr├®awine,PERSON
1168,Goldwine,PERSON
1169,L├®ofa,PERSON
1170,Walda,PERSON
1171,Folca,LOCATION
1172,Folcwine,PERSON
1173,Fengel,PERSON
1174,Holdwine,PERSON
1175,Tasarinan,LOCATION
1176,Dunlendings,LOCATION
1177,Dunland,PERSON
1178,Mat,PERSON
1179,Heathertoes,PERSON
1180,Pickthorn,PERSON
1181,Willie,PERSON
1182,Banks,PERSON
1183,Goatleaf,PERSON
1184,Archet,LOCATION
1185,Deadmen,PERSON
1186,Fornost,PERSON
1187,Erain,PERSON
1188,Norbury,PERSON
1189,Hob,PERSON
1190,Hayward,PERSON
1191,Hay,LOCATION
1192,Lotho,LOCATION
1193,Frogmorton,LOCATION
1194,Shirriffs,LOCATION
1195,Lockholes,LOCATION
1196,Shirriffs,PERSON
1197,Robin,PERSON
1198,Smallburrow,PERSON
1199,Shirriff,PERSON
1200,Shirriffing,LOCATION
1201,Flourdumpling,PERSON
1202,Frogmorton,PERSON
1203,Whitfurrows,LOCATION
1204,Pool,LOCATION
1205,Side,LOCATION
1206,Sharkey,PERSON
1207,Lane,LOCATION
1208,Nick,PERSON
1209,ÔÇÖre,PERSON
1210,Longbottom,LOCATION
1211,Ford,PERSON
1212,Waymeet,LOCATION
1213,Thain,PERSON
1214,Lockholes,PERSON
1215,Cotton,LOCATION
1216,village,LOCATION
1217,Cottons,PERSON
1218,Pimple,PERSON
1219,dad,PERSON
1220,Miller,PERSON
1221,Greenfields,LOCATION
1222,Northfarthing,LOCATION
1223,Brockenbores,LOCATION
1224,Yule,PERSON
1225,Party,LOCATION
1226,Took,LOCATION
1227,Stock,LOCATION
1228,Vilya,LOCATION
1229,Goldilocks,PERSON
1230,Mithlond,LOCATION
1231,Narya,LOCATION
1232,Silmarilli,LOCATION
1233,Telperion,LOCATION
1234,Laurelin,LOCATION
1235,Morgoth,PERSON
1236,Eldar,LOCATION
1237,Idril,PERSON
1238,Melian,PERSON
1239,Celebrindal,PERSON
1240,Turgon,LOCATION
1241,Turgon,PERSON
1242,galad6,PERSON
1243,Uttermost,LOCATION
1244,Elros,LOCATION
1245,Elenna,LOCATION
1246,N├║men├│r,LOCATION
1247,Meneltarma,LOCATION
1248,Elros,PERSON
1249,Valar,PERSON
1250,Vardamir,PERSON
1251,Tar,LOCATION
1252,Minastir,LOCATION
1253,Inzilad├╗n,PERSON
1254,Tar,PERSON
1255,M├¡riel,PERSON
1256,Silmari├½n,PERSON
1257,And├║ni├½,LOCATION
1258,Amandil,PERSON
1259,Ad├╗nakh├┤r,PERSON
1260,Atanamir,PERSON
1261,Minastir,PERSON
1262,N├║men├│rean,LOCATION
1263,Palantir,PERSON
1264,Pharaz├┤n,LOCATION
1265,Pharaz├┤n,PERSON
1266,Amarth,PERSON
1267,Malvegil,PERSON
1268,Arveleg,PERSON
1269,Anardil,PERSON
1270,R├│mendacil,PERSON
1271,Turambar,PERSON
1272,Tarostar,PERSON
1273,Tarciryan,PERSON
1274,Hyarmendacil,PERSON
1275,Narmacil,PERSON
1276,Eldacar,PERSON
1277,Telemnar,PERSON
1278,Minastan,LOCATION
1279,Minardil,LOCATION
1280,Umbardacil,PERSON
1281,E├ñrnil,PERSON
1282,Telcontar,PERSON
1283,H├║rin,LOCATION
1284,Hallas,PERSON
1285,ARNOR,PERSON
1286,Glanduin,PERSON
1287,Lindon,PERSON
1288,E├ñrendur,PERSON
1289,Cardolan,LOCATION
1290,Arthedain,PERSON
1291,Weather,LOCATION
1292,Rhudaur,PERSON
1293,Cardolan,PERSON
1294,Arthedain,LOCATION
1295,Rhudaur,LOCATION
1296,Palant├¡r,PERSON
1297,Malvegil,LOCATION
1298,Argeleb,PERSON
1299,Tyrn,LOCATION
1300,Gorthad,LOCATION
1301,Gladden,PERSON
1302,Minhiriath,LOCATION
1303,Tyrn,PERSON
1304,Gorthad,PERSON
1305,Arvedui,PERSON
1306,Forochel,LOCATION
1307,Aranarth,LOCATION
1308,Lossoth,PERSON
1309,Lossoth,LOCATION
1310,Oldbucks,PERSON
1311,Aranarth,PERSON
1312,Arahael,PERSON
1313,Eriador,PERSON
1314,Pass,LOCATION
1315,Arassuil,LOCATION
1316,Bandobras,PERSON
1317,Lake,PERSON
1318,Evendim,PERSON
1319,Elessar,LOCATION
1320,Atanatar,PERSON
1321,Alcarin,PERSON
1322,Alcarin,LOCATION
1323,R├│mendacil,LOCATION
1324,ÔÇÿ,LOCATION
1325,Tarannon,PERSON
1326,Ciryandil,PERSON
1327,Haradwaith,LOCATION
1328,Ciryaher,PERSON
1329,Tarostar,LOCATION
1330,inland,LOCATION
1331,Harnen,LOCATION
1332,Harnen,PERSON
1333,Valacar,LOCATION
1334,Minalcar,PERSON
1335,Calmacil,PERSON
1336,Northmen,LOCATION
1337,Greenwood,LOCATION
1338,Ash,LOCATION
1339,Rhovanion,LOCATION
1340,Vidugavia,PERSON
1341,Valacar,PERSON
1342,Vidumavi,PERSON
1343,Vidugavia,LOCATION
1344,Castamir,PERSON
1345,Calimehtar,LOCATION
1346,Ornendil,PERSON
1347,Erui,PERSON
1348,Umbar,PERSON
1349,Telemnar,LOCATION
1350,Minardil,PERSON
1351,Angamait├½,PERSON
1352,Sangahyando,PERSON
1353,Castamir,LOCATION
1354,Tarondor,PERSON
1355,Anfalas,LOCATION
1356,Telumehtar,PERSON
1357,Calimehtar,PERSON
1358,Ondoher,PERSON
1359,Artamir,PERSON
1360,Poros,LOCATION
1361,Morannon,PERSON
1362,F├¡riel,PERSON
1363,Meneldil,LOCATION
1364,Siriondil,PERSON
1365,Calimmacil,LOCATION
1366,Malbeth,PERSON
1367,Araphant,PERSON
1368,Forlond,PERSON
1369,Nenuial,LOCATION
1370,Voronw├½,PERSON
1371,Cirion,LOCATION
1372,Cirion,PERSON
1373,Balchoth,LOCATION
1374,Nanduhirion,LOCATION
1375,Belecthor,PERSON
1376,T├║rin,PERSON
1377,Haudh,PERSON
1378,Gwan├╗r,LOCATION
1379,Thorongil,LOCATION
1380,Thorongil,PERSON
1381,Adrahil,PERSON
1382,Gilraen,PERSON
1383,D├¡rhael,PERSON
1384,Ivorwen,PERSON
1385,Arador,PERSON
1386,Estel,PERSON
1387,Estel,LOCATION
1388,Ann├║minas,PERSON
1389,Gilraen,LOCATION
1390,Isles,LOCATION
1391,Midsummer,LOCATION
1392,Edain,PERSON
1393,Eldarion,PERSON
1394,Eldarion,LOCATION
1395,Eldacar,LOCATION
1396,Calenardhon,PERSON
1397,Limlight,LOCATION
1398,├ëoth├®od,LOCATION
1399,Fram,PERSON
1400,Scatha,PERSON
1401,Mithrin,LOCATION
1402,Scatha,LOCATION
1403,L├®od,PERSON
1404,Mansbane,LOCATION
1405,Hammerhand,PERSON
1406,Freca,PERSON
1407,Freca,LOCATION
1408,Wulf,PERSON
1409,Helm,PERSON
1410,Lefnui,LOCATION
1411,Fr├®al├íf,PERSON
1412,Hild,PERSON
1413,Fr├®al├íf,LOCATION
1414,Aldor,LOCATION
1415,Hammerhand,LOCATION
1416,Haleth,PERSON
1417,Hildeson,PERSON
1418,Adorn,LOCATION
1419,Folcwine,LOCATION
1420,Morwen,PERSON
1421,Th├®odwyn,PERSON
1422,Eastfold,LOCATION
1423,Elfhild,PERSON
1424,Th├®odwyn,LOCATION
1425,Steelsheen,PERSON
1426,Loth├¡riel,PERSON
1427,Elfwine,PERSON
1428,Green,PERSON
1429,Azanulbizar,LOCATION
1430,Nogrod,LOCATION
1431,Belegost,LOCATION
1432,Barazinbar,LOCATION
1433,N├íin,PERSON
1434,Arkenstone,LOCATION
1435,Fr├│r,PERSON
1436,Forest,PERSON
1437,Gr├│r,PERSON
1438,Borin,PERSON
1439,Iron,LOCATION
1440,Smaug,PERSON
1441,N├ír,PERSON
1442,Gundabad,LOCATION
1443,Azog,LOCATION
1444,Azog,PERSON
1445,N├íin,LOCATION
1446,Ironfoot,PERSON
1447,Durin,PERSON
1448,III,PERSON
1449,Thorin,LOCATION
1450,Bolg,PERSON
1451,F├¡li,PERSON
1452,K├¡li,LOCATION
1453,Ironfoot,LOCATION
1454,Thr├│r,LOCATION
1455,Erobor,LOCATION
1456,Ori,LOCATION
1457,Bofur,PERSON
1458,Lindon,LOCATION
1459,Finrod,PERSON
1460,Felagund,PERSON
1461,Nargothrond,PERSON
1462,Sindar,PERSON
1463,F├½anor,LOCATION
1464,Luin,LOCATION
1465,Silmari├½n,LOCATION
1466,Ancalimon,PERSON
1467,Elladan,LOCATION
1468,Ostoher,PERSON
1469,E├ñrendur,LOCATION
1470,Greenwood,PERSON
1471,Aldamir,PERSON
1472,Earnil,PERSON
1473,Frumgar,PERSON
1474,Stoor,PERSON
1475,Eomund,PERSON
1476,Bain,PERSON
1477,Thranduil,LOCATION
1478,Muster,PERSON
1479,Ringl├│,PERSON
1480,Linhir,PERSON
1481,Eryn,PERSON
1482,Lasgalen,PERSON
1483,Greenleaves,LOCATION
1484,Woodmen,LOCATION
1485,Carnen,LOCATION
1486,Stonehelm,PERSON
1487,King,LOCATION
1488,Greenholm,LOCATION
1489,Far,LOCATION
1490,Elfstan,PERSON
1491,Fairbairn,PERSON
1492,Westmarch,LOCATION
1493,Undertowers,LOCATION
1494,Gardner,PERSON
1495,Marcho,PERSON
1496,Blanco,PERSON
1497,Overlithe,LOCATION
1498,Overlithe,PERSON
1499,Quenya,LOCATION
1500,Sindarin,LOCATION
1501,N├®nim├½,LOCATION
1502,S├║lim├½,LOCATION
1503,V├¡ress├½,LOCATION
1504,L├│tess├½,LOCATION
1505,N├íri├½,LOCATION
1506,Cermi├½,LOCATION
1507,Yavanni├½,LOCATION
1508,Narqueli├½,LOCATION
1509,H├¡sim├½,LOCATION
1510,Ringar├½,PERSON
1511,N├¡nui,LOCATION
1512,Gwaeron,LOCATION
1513,Gwirith,PERSON
1514,Lothron,LOCATION
1515,N├│rui,LOCATION
1516,Cerveth,PERSON
1517,├Ürui,LOCATION
1518,Ivanneth,LOCATION
1519,Narbeleth,PERSON
1520,Hithui,LOCATION
1521,Girithron,PERSON
1522,Solmath,PERSON
1523,Somath,PERSON
1524,Thrimidge,PERSON
1525,Blotmath,PERSON
1526,Blodmath,PERSON
1527,Chithing,LOCATION
1528,Thrimidge,LOCATION
1529,Mede,PERSON
1530,Wedmath,LOCATION
1531,Harvestmath,PERSON
1532,Yulemath,PERSON
1533,Chithing,PERSON
1534,Elenya,LOCATION
1535,Anarya,LOCATION
1536,Isilya,LOCATION
1537,Ald├║ya,LOCATION
1538,Menelya,LOCATION
1539,Valanya,LOCATION
1540,Orithil,LOCATION
1541,Orgaladhad,LOCATION
1542,Ormenel,LOCATION
1543,Westron,LOCATION
1544,Yellowskin,PERSON
1545,T.A.,PERSON
1546,Quenya,PERSON
1547,Telumehtar,LOCATION
1548,Noldo,LOCATION
1549,Ad├╗naic,LOCATION
1550,Westron,PERSON
1551,Dwarvish,PERSON
1552,Rochann,LOCATION
1553,Sindarin,PERSON
1554,Orome,LOCATION
1555,Theobald,PERSON
1556,Daeron,LOCATION
1557,Daeron,PERSON
1558,Khuzdul,LOCATION
1559,Dwarvish,LOCATION
1560,Elder,LOCATION
1561,Days,LOCATION
1562,Eldarin,LOCATION
1563,Doriath,PERSON
1564,Finarfin,LOCATION
1565,Beleriand,PERSON
1566,Eilenach,PERSON
1567,Western,LOCATION
1568,Carrock,PERSON
1569,Speech,PERSON
1570,Shark├╗,PERSON
1571,Lh├╗n,LOCATION
1572,Karningul,PERSON
1573,Winchester,PERSON
1574,Camelot,PERSON
1575,Arthur,PERSON
1576,Winchester,LOCATION
1577,Bungo,PERSON
1578,Tanta,LOCATION
1579,Nina,PERSON
1580,Cora,PERSON
1581,England,LOCATION
1582,Kali,PERSON
1583,Kalimac,PERSON
1584,Tomba,PERSON
1585,Tolma,LOCATION
1586,Matta,PERSON
1587,Banaz├«r,LOCATION
1588,Ranugad,LOCATION
1589,trahan,PERSON
1590,Aul├½,PERSON
1591,Smith,PERSON
1592,Dwarrowdelf,LOCATION
1593,Aul├½,LOCATION
1594,Galbasi,PERSON
1595,Galpsi,PERSON
1596,Galabas,LOCATION
1597,Gammidgy,LOCATION
1598,Cotman,PERSON
1599,Branda,PERSON
1600,Marchbourn,PERSON
1601,Bralda,LOCATION
1602,Marchbuck,PERSON
1603,Braldagamba,LOCATION
1604,Marchbuck,LOCATION
1605,Christina,PERSON
1606,Scull,PERSON
1607,Wayne,PERSON
1608,Hammond,PERSON
1609,Nancy,PERSON
1610,Tolkien,PERSON
1611,Christopher,PERSON
1612,Belfalas,PERSON
1613,Bay,PERSON
1614,Elen,PERSON
1615,Eress├½a,PERSON
1616,Valimar,LOCATION
1617,Angelica,PERSON
1618,Balbo,PERSON
1619,Belladonna,PERSON
1620,Berylla,LOCATION
1621,288,LOCATION
1622,Fosco,PERSON
1623,Gilly,PERSON
1624,Laura,PERSON
1625,Longo,PERSON
1626,Mimosa,PERSON
1627,Ponto,LOCATION
1628,Primula,LOCATION
1629,Baranduin,PERSON
1630,Barrowfield,PERSON
1631,Basso,PERSON
1632,Bosco,PERSON
1633,Daisy,PERSON
1634,Griffo,PERSON
1635,Jago,PERSON
1636,Otto,PERSON
1637,Sapphira,PERSON
1638,n├®e,PERSON
1639,Tosto,PERSON
1640,Vigo,PERSON
1641,Belba,LOCATION
1642,Dina,PERSON
1643,Diggle,PERSON
1644,Filibert,PERSON
1645,Gerda,PERSON
1646,Nora,PERSON
1647,1101,PERSON
1648,Prisca,LOCATION
1649,Rosamunda,PERSON
1650,Rudolph,PERSON
1651,Salvia,LOCATION
1652,Bracegirdle,PERSON
1653,Bruno,PERSON
1654,1102,PERSON
1655,Primrose,PERSON
1656,Estella,PERSON
1657,Hanna,PERSON
1658,Hilda,PERSON
1659,Madoc,PERSON
1660,Malva,PERSON
1661,Mirabella,PERSON
1662,Stonebows,LOCATION
1663,Folk,PERSON
1664,Brytta,LOCATION
1665,Bucca,PERSON
1666,Fanuidhol,PERSON
1667,Minto,PERSON
1668,Mosco,PERSON
1669,Myrtle,LOCATION
1670,Rufus,PERSON
1671,1104,PERSON
1672,Carl,PERSON
1673,Chubb,PERSON
1674,Falco,PERSON
1675,Cloudyhead,PERSON
1676,Cottar,PERSON
1677,Lily,PERSON
1678,Tolman,PERSON
1679,Deadmen,LOCATION
1680,Dead,PERSON
1681,Dwimordene,PERSON
1682,Meneldor,PERSON
1683,Dales,LOCATION
1684,Varda,LOCATION
1685,Elendilmir,PERSON
1686,Elvensong,PERSON
1687,Lothl├│,LOCATION
1688,Silvan,PERSON
1689,Ent,PERSON
1690,Haunted,LOCATION
1691,Erling,PERSON
1692,Ethir,PERSON
1693,Farin,PERSON
1694,Folca,PERSON
1695,Forochel,PERSON
1696,Cape,LOCATION
1697,Fox,PERSON
1698,Galathilion,PERSON
1699,1105,PERSON
1700,Hamfast,LOCATION
1701,Hamson,PERSON
1702,Hobson,PERSON
1703,Berhael,PERSON
1704,Gamwich,PERSON
1705,Wiseman,PERSON
1706,Wanderer,PERSON
1707,Ol├│rin,LOCATION
1708,Gilrain,PERSON
1709,Goodbody,PERSON
1710,Togo,LOCATION
1711,Naith,PERSON
1712,Greenhand,PERSON
1713,Greenhand,LOCATION
1714,Hador,PERSON
1715,Halifirien,PERSON
1716,Haysend,PERSON
1717,Amon,LOCATION
1718,Hen,LOCATION
1719,Town,LOCATION
1720,Moontower,PERSON
1721,Mithlond,PERSON
1722,Oioloss├½,LOCATION
1723,see,LOCATION
1724,Neekerbreekers,PERSON
1725,Noman,PERSON
1726,Elenna,PERSON
1727,N├║rnen,PERSON
1728,Peredhil,PERSON
1729,Poros,PERSON
1730,Linda,PERSON
1731,Puddifoot,PERSON
1732,Riddle,PERSON
1733,Rob,LOCATION
1734,Forgoil,PERSON
1735,Roper,PERSON
1736,Anson,PERSON
1737,Angerthas,PERSON
1738,Angerthas,LOCATION
1739,Westmarch,PERSON
1740,Palant├¡r,LOCATION
1741,Swanfleet,LOCATION
1742,Tengwar,PERSON
1743,Tombs,PERSON
1744,Adelard,PERSON
1745,Everard,PERSON
1746,Ferdinand,PERSON
1747,Hildigard,PERSON
1748,Rosa,PERSON
1749,Narchost,LOCATION
1750,Wetwang,PERSON
1751,GILES,PERSON
1752,DONALD,PERSON
1753,SWANN,PERSON
1754,GAWAIN,PERSON
1755,SAURON,PERSON
1756,Britain,LOCATION
1757,George,PERSON
1758,Allen,PERSON
1759,Unwin,PERSON
1760,Houghton,LOCATION
1761,Mifflin,LOCATION
1762,Harcourt,LOCATION
1763,Park,LOCATION
1764,Avenue,LOCATION
1765,York,LOCATION
1766,And├║nie,LOCATION
1767,Meneldur,PERSON
1768,Holdwine,LOCATION
1769,Frerin,LOCATION
1770,K├¡li,PERSON
1771,Calendar,LOCATION
1772,Lorien,PERSON
