,ENTITY1,RELATION,ENTITY2
0,Paul, held,boy eyes
1,Paul, mouthed strange,Jessica words
2,Paul, knew,Paul
3,Paul, own,age
4,Paul, sensed own,tensions
5,Paul, sensed,dawn
6,Jessica, flicked,dust
7,Paul, exposed almost invisible,Mother hesitation
8,Mohiam, blamed,Mother
9,Jessica, had,Jessica
10,Jessica, took,hand
11,Paul, found,Paul
12,Paul, put,hand hand
13,Paul, swung,attention
14,Paul, heard,truth
15,Paul, knew,Paul
16,Paul, clenched left,hand
17,Paul, had,difficulty
18,Paul, thought,Paul
19,Paul, felt right,arm
20,Paul, jerked,hand
21,Paul, felt left,hand
22,Bene Gesserit, sift,people
23,Paul, lifted right,hand
24,Jessica, saw,Paul
25,Reverend Mother, returned,Mother
26,Reverend Mother, returned,Mother attention
27,Paul, felt,Paul
28,Paul, shook,head
29,Padishah Emperor, believes,Baron
30,Leto, signs,art
31,Baron, means,word
32,Emperor, orders,Caladan
33,Rautha, moved,Baron suspensor chair
34,Baron, turned,attention
35,Feyd, remembers,Leto
36,Baron, rubbed protruding,lips
37,Jessica, tore,attention
38,Jessica, knew,Jessica
39,Jessica, lifted,chin
40,Emperor, smell,profits
41,Jessica, closed,Gesserit eyes
42,Reverend Mother, heaved,Mother
43,Jessica, shook,tears
44,Paul, heard,mother
45,Paul, closed,eyes
46,Paul, opened,eyes
47,Mother, happen,today
48,Paul, closed Again,eyes
49,Paul, opened,Usul eyes
50,Paul, closed,eyes
51,Paul, opened,eyes
52,Haderach, wanted,Paul
53,Paul, waited,Haderach
54,Paul, felt,astonishment
55,Jessica, think,Paul mother
56,Jessica, said,purpose
57,Jessica, own,safety
58,Hawat, cleared,throat
59,Paul, did,chair
60,Paul, wet,lips
61,Jessica, closed,fingers
62,Paul, closed,eyes
63,Paul, spoke,voice
64,Paul, opened,eyes
65,father, said,Atreides
66,Emperor, ordered,Mother
67,spy, said,Hawat
68,Paul, gripped ’s right,arm
69,Hawat, set,Hawat
70,Paul, liked,Gurney Halleck
71,Paul, left,ear
72,Paul, let,manner
73,Halleck, activated own,shield
74,Paul, asked,Paul
75,Paul, moved left,hand
76,Paul, directed,retreat
77,Paul, flung,Paul
78,Paul, deactivated,shield
79,Paul, touched,forehead
80,Paul, activated,shield
81,Paul, recalled younger,sister
82,Paul, left,hand entretisser
83,Yueh, heard,Dr. Yueh
84,Paul, raised,head
85,Paul, felt,excitement
86,Paul, joined,boy
87,Yueh, drummed,fingers
88,Yueh, smoothed drooping,mustache
89,Yueh, picked,table
90,Yueh, watched,Paul
91,Paul, wet,lips
92,Yueh, closed,Paul eyes
93,Paul, opened,eyes
94,Paul, slipped,book
95,Atreides, abiding,love
96,PAUL, WATCHED,Atreides father
97,Duke, forced,Duke
98,Duke, noted,son
99,Paul, clenched,fists
100,Hawat, loved,ones
101,Duke, permitted,Duke
102,Harkonnens, mean,spice production
103,Salusa Secundus, says,S.S.
104,Duke, shifted,position
105,Paul, rubbed,chin
106,Paul, closed,eyes
107,Leto, tightened,Jessica breast
108,Paul, favored,beauty
109,Yueh, caught,breath
110,Hawat, meet,reserves
111,Harkonnen, cleared,throat
112,Duke, left,arm
113,Jessica, forced,Jessica
114,Jessica, asked,Jessica
115,Trada, cik perakri,buscakri miseces
116,Jessica, took,sheath
117,Mapes, returned,knife
118,Mapes, composed,Mapes
119,Jessica, stood,Dr. Yueh
120,Caladan, folded,name arms
121,Yueh, found,fence
122,Yueh, saw,envy
123,Wellington, blinked back,tears
124,Harkonnens, killed,Jessica
125,Gesserit, opened,eyes
126,Jessica, studied,Gesserit
127,Hawat, sent,advance agents
128,Duke, found,Duke
129,Duke, followed,concubine
130,Jessica, dropped,arms
131,Paul, heard,mother
132,Paul, recognized,seeker
133,Paul, held,Paul
134,Paul, had only,wits
135,Yueh, held,seeker
136,Paul, left,hand
137,Jessica, returned,attention
138,Jessica, lifted,rail hand
139,Jessica, thought detected,loathing
140,Jessica, asked,Jessica
141,Jessica, caught,door
142,Jessica, recognized,Galach words
143,Jessica, put,weight
144,Jessica, felt,change
145,Jessica, asked,Jessica
146,Jessica, sent,Jessica
147,Jessica, guessed,inspection
148,Water, shocked,Jessica
149,Count, married,Gesserit Lady
150,Jessica, seeking,fingers
151,H, loaded,son
152,Duke, involves,defection
153,Paul, saw,mother
154,Jessica, grabbed,Paul shoulder
155,Jessica, reminded,Paul
156,Paul, spoke,matter
157,Hawat, gave,place Hawat
158,Paul, directed,attention
159,Jessica, rubbed,forehead
160,Jessica, asked,Jessica
161,Duke Leto, blinded,Leto
162,Duke, doubted,Duke
163,Duke, found,Duke
164,Harkonnens, took,loot
165,Duke, watched,Halleck
166,Halleck, dropped,Duke bag
167,Gurney, have,experience
168,Hawat, sees,assassins
169,Leto, shook,head
170,Duke, saw,Muad‘Dib
171,Duke, knew,Duke
172,Leto, lifted,hand
173,Leto, matched,son
174,Paul, saw,movement
175,Duncan Idaho, says,people
176,Emperor, gets,wind
177,Paul, held,Paul
178,Leto, cleared,throat
179,Leto, said,shields
180,Duke, shook,head
181,Duke, closed,eyes
182,Duke, opened,eyes
183,Duke, shook,head
184,Crown, gets,Crown
185,Duke, pursed,lips
186,Leto, waved,Duke
187,Paul, studied,Idaho
188,Leto, addressed,Leto
189,Idaho, makes,farewell
190,Fremen, match,Leto
191,Thufir, heard,Hawat footsteps
192,Paul, speaks,truth
193,Kynes, has,arbiter authority
194,Paul, allowed,Paul
195,Duke, folded,hands
196,Duke, found,Thufir Hawat
197,Duke, pursed,lips
198,Hawat, shook,Duke head
199,Duke, saw,evidence
200,Leto, felt,anger
201,Leto, shook,head
202,Duke, closed,eyes
203,Duke, opened,eyes
204,Leto, turned,Leto
205,Lord, think,Paul
206,Duke, accepted,capsule
207,Paul, found,Paul
208,Houses, hope,Houses
209,Duke, faced,son
210,Duke, cut,Paul
211,father, came,time
212,Duke, prided,Duke
213,Kynes, knew,man
214,Kynes, shook,man head
215,Stilgar, send ’s,Idaho head
216,Kynes, told,Kynes
217,Leto, gave,Halleck Kynes
218,Duke, lifted,arms
219,Duke, twisted,chin
220,Duke, moved,shoulders
221,Kynes, rubbed,Paul cheek
222,Leto, fed,power
223,Fremen, inhibits,perspiration
224,Kynes, wore,shield belts
225,Harkonnens, discouraged,investigation
226,Halleck, snapped,Duke attention
227,Paul, had,Kynes
228,Halleck, bent ear,Paul
229,Paul, felt,sense
230,Duke, turned,attention
231,Kynes, swung,Duke gaze
232,Duke, left,hand
233,Halleck, had,Halleck
234,Duke, banked,Kynes craft
235,Duke, lose,sight
236,Duke, opened,door
237,Duke, shut,door
238,Duke, studied,instruments
239,Duke, banked,craft
240,Duke, shared,father
241,Duke, fly,ship
242,Duke, brought,craft
243,Paul, sensed,half
244,Duke, risked own,life
245,Paul, saw,father
246,Paul, knew mood,Paul
247,Paul, saw,father
248,Leto, approached ’s,Jessica group
249,Leto, returned,attention
250,Duke, imply,criticism
251,Harkonnens, used,Bewt
252,Leto, held,anger
253,Paul, passed,father
254,Hawat, led,Fremen
255,Jessica, asked,Jessica
256,Leto, lifted,water
257,Duke, sipped,water
258,Jessica, lowered,gaze
259,Duke, allowed,voice
260,Duke, lifted,water
261,Jessica, found,Jessica
262,Jessica, guests ’,actions
263,Jessica, caught,companion
264,Jessica, trained,awareness
265,Jessica, asked,Jessica
266,Jessica, masked,emotion
267,Jessica, told,Jessica
268,Paul, addressed,Paul
269,Kynes, shook,banker head
270,Jessica, thought,banker
271,Jessica, turned,attention
272,Duke, sensed,Kynes
273,Jessica, had,Duke
274,Duke, regretted,words
275,Jessica, marked,Chuckles
276,Duke, passed,gaze
277,Jessica, addressed,Jessica
278,Paul, leaned,baliset
279,house guard, says,guard
280,Jessica, clenched right,hand
281,Paul, returned,attention
282,Gurney Halleck, had,Halleck
283,Gurney Halleck, had,Halleck eyes
284,Jessica, saw,banker ease banker
285,Jessica, asked,Jessica
286,Jessica, saw,terror
287,Jessica, shifted,attention
288,Jessica, opened,servant
289,Duke, sends,reassurances
290,Jessica, focused,mind
291,Jessica, running,feet
292,Duke, lifted,face
293,Jessica, unlaced slap,desert boots
294,Idaho, swung unsteady,head
295,Yueh, put,head kit
296,wanna, feel,bedder
297,Jessica, shook,head
298,Idaho, jerked,Yueh
299,Jessica, found,Jessica
300,Idaho, shook,head
301,Yueh, patted,Jessica arm
302,Jessica, sitting,room
303,Jessica, dimmed,lamps
304,Jessica, prepared,Jessica
305,Jessica, watched,Hawat
306,Jessica, smelled,blood
307,Lady, puts,servant
308,Lady, speaks,riddles
309,Jessica, forced to calmness,Jessica
310,Duke, did,puppet
311,Hawat, lowered,Paul head
312,Lady, lifted,Lady
313,Jessica, lowered,gaze
314,Victim, felt,tiredness
315,Leto, shook,head
316,Leto, put left,hand
317,Leto, turned,man
318,Leto, asked,smuggler
319,Leto, stilled sudden,constriction
320,Leto, touched,housekeeper shoulder
321,Leto, felt,pain
322,Leto, found,Leto
323,Duke, found,Duke
324,Narcal, opened,mouth hand
325,Yueh, lowered,Yueh
326,Leto, found,Leto
327,Leto, held,muscle
328,Harkonnen, touched ’s,Leto jaw
329,Hawat, forced,Hawat
330,Hawat, asked,Hawat
331,Hawat, forced,Hawat
332,White, sensed,line
333,Jessica, closed,eyes
334,Jessica, opened,eyes
335,Vries, suggested,effeminacy
336,Baron, thinks,Baron
337,Jessica, corrected,Jessica
338,Piter, wants,power
339,Jessica, asked,Jessica
340,Baron, kept,attention
341,Jessica, followed,Baron
342,Scarface, reads,lips
343,Jessica, thought,Piter
344,Scarface, holstered,Voice lasgun
345,Jessica, saw,companion
346,Paul, contained,despair
347,Gesserit, kept,Gesserit
348,Paul, allowed,Paul
349,Jessica, felt,Jessica
350,Jessica, noted,Paul bonds
351,Kinet, closed,bearer door
352,Czigo, tapped,bearer companion
353,Kinet, watched ’s,Czigo lips
354,Kinet, swiveled,bearer seat
355,Jessica, tested,seat
356,Jessica, felt,roughness
357,Jessica, left,arm
358,Jessica, twisted bound,feet
359,Jessica, brought bound,legs
360,Jessica, saw,Paul
361,Paul, closed,eyes
362,Jessica, turned,head
363,Paul, cleared,throat
364,Czigo, shifted,Paul
365,Kinet, studied,Jessica
366,Jessica, twisted,neck
367,Jessica, pitched,voice
368,Jessica, saw,tones
369,Jessica, held,Jessica
370,Jessica, made infinitely worth,words
371,Paul, clamped,lips
372,Jessica, removed,pilot
373,Yueh, lowered,gaze
374,Yueh, saw,Yueh
375,Yueh, straightened,Yueh
376,Paul, removed,hand
377,Paul, pulled,cloak
378,Duke, pictured fighting,men
379,Piter, touched,finger
380,Piter, mocking,salute
381,Arrakis, hate,Baron
382,Baron, shifted,attention
383,Yueh, allowed,Yueh
384,Baron, whipped,attention
385,Baron, knew,Baron
386,Yueh, caught,Duke
387,Leto, cracked,lips
388,Leto, burning,cheeks
389,Leto, remembered,part
390,Leto, felt,Leto
391,Leto, tingling,body
392,Leto, knew,corpse
393,Leto, insists,Leto
394,Leto, felt,fear
395,Yueh, sent,eyes
396,Leto, heard,voice
397,Baron, saw,Umman Kudu
398,Baron, saw,Baron
399,Leto, found,Leto
400,Leto, remembered,sunrise
401,Baron, pushed,Baron
402,Duke, clamped,mouth
403,Leto, opened,mouth
404,Leto, sensed,memories
405,Leto, knew,Leto
406,Baron, asked,Baron
407,fool ’d, said,fool
408,Baron, pushed,Baron
409,Nefud, knew,Baron
410,colonel bashar, planted,bashar
411,bashar, acknowledge,bashar
412,Baron, took,poison
413,Baron, raised,gaze
414,Harkonnens, held ’s,Yueh wife
415,Reverend Mother Gaius Helen Mohiam, pervaded,Paul
416,Paul, remembered ’s,Hawat words
417,Jessica, found,Jessica
418,Jessica, rested,hand
419,Jessica, weighed,Arrakis words
420,Paul, left,hand
421,Jessica, lifted,tab
422,Jessica, has,time
423,Paul, found,Paul
424,Paul, said,Paul
425,Sobs, shook,Jessica
426,Paul, heard,mother
427,Paul, focused prescient,awareness
428,Paul, felt,Paul
429,Paul, saw,people
430,Paul, knew,names
431,Paul, saw own,death
432,Paul, saw,People
433,Guildsmen, recognized own,strangeness
434,Guildsmen Guildsmen, recognized own,Guildsmen strangeness
435,Guildsmen, felt,birth hands
436,Guildsmen, onflowing,mind
437,Paul, heard,madness
438,Jessica, placed,hands
439,Jessica, knew,pregnancy
440,Jessica, own,Bene Gesserit training
441,Jessica, told,Jessica
442,Jessica, found increasingly difficult to subdue,Protectiva Jessica terror
443,Paul, recognized own terrible,purpose
444,Jessica, pressed,hands
445,Paul, saw,Jessica
446,Jessica, cleared,throat
447,Muad‘Dib, closed,eyes
448,Paul, found,stillsuit
449,Jessica, heard,Paul
450,Jessica, own,stillsuit
451,Jessica, asked,Jessica
452,Jessica, heard,Paul
453,Paul, finds,Paul
454,Jessica, watched,Paul
455,Jessica, left,hand
456,Jessica, asked,Jessica
457,Jessica, trained,senses
458,Paul, collapsing,Birds tent
459,Fremen, lifted,finger
460,Hawat, threw back,Fremen hood
461,Fremen, removed,Hawat hand
462,Hawat, told,Hawat
463,Hawat, lowered,arm
464,Hawat, forced,Hawat
465,Liet, wishes,man
466,Fremen, wear,Harkonnen clothing
467,Emperor, known,Sardaukar
468,Fremen, took ’s,Hawat arm
469,Hawat, saw blue,bat
470,Hawat, discerned,movement
471,Hawat, had,time
472,Paul, grabbed,mother
473,Idaho, had ’s,Paul arm
474,Idaho, helped,Jessica
475,Paul, felt touched briefly,Paul
476,Paul, allowed to guide,Idaho Paul
477,Paul, followed,mother
478,Paul, returned,attention
479,Fremen, alter,ego
480,Jessica, allowed,Jessica
481,Jessica, saw,Paul
482,Jessica, passed,hand
483,Imperium, sends here only trained,hatchetmen
484,Arrakis, has own,way
485,Sardaukar, picking,Houses
486,Arrakis, has own,plan
487,Paul, pulled,mother
488,Paul, herded,cabinets
489,Jessica, heard,Paul
490,Mother, heard,Paul
491,Jessica, found ’s,Paul hand
492,Paul, followed,Jessica
493,Paul, drew,leader
494,Paul, released,Fremen hand
495,Harkonnens, taught,hand
496,Jessica, considered,direction
497,Paul, knew,reluctance cause
498,Atreides, joined,Jessica
499,Atreides, took,reliance
500,Paul, fastened,safety
501,Paul, closed,door
502,Jessica, let,hands
503,Paul, returned,attention
504,Jessica, saw,Paul
505,Paul, kept,eyes
506,Jessica, told,Jessica
507,Jessica, felt,teeth
508,Jessica, heard ’s,Paul voice
509,Baron, shifted gross,body
510,Hawat, said,h.
511,Hawat, think,Jessica
512,Nefud, shook,head
513,Baron, lowered,eyes
514,Rabban, kept,Baron eyes
515,Baron, felt,anger
516,Baron, lowered,arm
517,Fremen, defeating,Sardaukar
518,Sardaukar, think,lieutenants
519,Baron, caressed,bulges
520,Baron, deactivated,doorfield
521,PAUL, felt,dust fronts
522,Paul, turned,pillar craft
523,Jessica, felt,heart
524,Jessica, forced to calmness,Jessica
525,Paul, sensed,Paul
526,Paul, found,Paul
527,Paul, thought,part
528,Paul, felt,Paul
529,Paul, felt,wind
530,Paul, corrected,Fremen
531,Paul, felt,brakes cup
532,Jessica, heard ’s panting,Paul progress
533,Paul, shifted,pack
534,Paul, took,mother
535,Paul, pushed,Paul
536,Paul, settled,shoulders
537,Jessica, heard,Paul
538,Jessica, supported,Jessica
539,Jessica, felt,Paul
540,Jessica, settled,Jessica
541,Jessica, swallowed,capsules
542,Jessica, closed,eyes
543,Paul, pulled,hood
544,Paul, rubbed,nose
545,Fremen, do,way
546,Paul, found,manual
547,Paul, shook,head
548,Paul, moved,slantwise
549,Paul, followed,piece
550,Paul, told,Paul
551,Paul, pulled,face
552,Paul, lowered,face
553,Jessica, had,eyes
554,Jessica, edged,voice
555,Jessica, held,Jessica
556,Paul, ignored,Jessica
557,Paul, removed,sash
558,Paul, waded,part way
559,Paul, aimed,foam
560,Paul, asked,Paul
561,Paul, had,head
562,Jessica, left,arm
563,Paul, worked,hand
564,Paul, adjusted,binoculars
565,Paul, lowered,binoculars
566,Kynes, promised help,Kynes
567,Jessica, closed,eyes
568,Jessica, opened,eyes
569,Halleck, wore,Fremen robes
570,Hawat, allowed,h.
571,Harkonnens, believe,witch
572,Tuek, took,Halleck
573,Halleck, closed,Tuek eyes
574,Halleck, opened,Tuek eyes
575,Harkonnens, believe,force
576,Halleck, pushed,Halleck
577,Tuek, found,Tuek
578,Jessica, adjusted,stillsuit
579,Jessica, lowered,binoculars
580,Paul, heard,worm
581,Jessica, studied,Paul progress
582,Paul, recovered,balance
583,Paul, dragged,Jessica
584,Jessica, felt,rock
585,Paul, stilled,Paul
586,Paul, found,sensation
587,Paul, crowded,mother
588,Paul, asked,Paul
589,Paul, remembered,Liet
590,Jessica, felt,Jessica
591,Paul, settled,shoulders
592,Paul, tipped,head
593,Paul, saw,mother
594,Paul, lifted,foot
595,Jessica, stretched,desert growth
596,Jessica, replaced,tube
597,Kynes, scraped,ecologist face
598,Kynes, asked,ecologist
599,Kynes, asked,Kynes
600,Kynes, saw fold,Kynes
601,Kynes, saw fold,Kynes
602,Paul, trained,eyes
603,hin, mange,la pchagavas doi
604,Jessica, allowed,Jessica
605,Jessica, permitted,Jessica
606,Jessica, heard excluding,Stilgar Jessica
607,Jessica, readied,voice
608,Cielago, meant,bat
609,Jessica, heard,Stilgar
610,Paul, inched,Paul
611,Paul, returned,attention
612,Paul, brought captured,weapon
613,Jessica, gave,seeress
614,Stilgar, returned,attention
615,Stilgar, gave,companions
616,Stilgar, concealing,cleft
617,Stilgar, touched,lips
618,Stilgar, left,hand
619,Stilgar, left,hand
620,Stilgar, ran,Chakobsa
621,Jessica, asked,Jessica
622,Chani, touched ’s,Paul arm
623,Jessica, knew,Jessica
624,Jessica, admitted,force
625,Jessica, saw,Stilgar detach guards
626,Paul, turned,head
627,Paul, remembered ’s,father
628,Paul, sped,steps
629,Paul, saw,mother
630,Stilgar, took ’s,Jessica arm
631,Stilgar, led,Jessica
632,Jessica, found,Jessica
633,Stilgar, gripped,Jessica arm
634,Jessica, lifted,binoculars
635,Stilgar, lifted,attention
636,Jessica, returned,Stilgar stare
637,Jessica, realized,Jessica
638,Jessica, permitted,Jessica
639,Jessica, asked,Jessica
640,Stilgar, cleared,throat
641,Stilgar, touched,breast
642,Jessica, turned,head
643,Stilgar, cleared,throat
644,Jessica, sensed,Stilgar impatience
645,Jessica, gave,Jessica
646,Jessica, dropped,arm
647,Chani, called,Jamis
648,Paul, knew,mother
649,Paul, sensed,purpose
650,Paul, saw,violence
651,Paul, saw own dead,body
652,Stilgar, fingered,beard
653,Jessica, brings own,champion
654,Jessica, released ’s,Stilgar arm
655,Stilgar, faced,Jamis
656,Literjons, show,dew
657,Stilgar, shook,head
658,Jessica, shook,head
659,Stilgar, faced,Jamis
660,Jessica, shifted,attention
661,Jessica, pitched,voice
662,Jamis, put clenched right,fist
663,Jessica, felt,hands
664,Jessica, sensed,hands
665,Jessica, saw,Paul
666,Chani, helping,Paul
667,Stilgar, watching,Jessica
668,Paul, felt,instruction
669,Paul, cautioned,Paul
670,Paul, told,Paul
671,Paul, felt,muscles
672,Jessica, screamed,man
673,shield, needed,control
674,Paul, see,shield
675,Jessica, hoped,Jamis
676,Stilgar, waved,Jessica
677,Jessica, saw,Paul
678,Paul, do,man
679,Jessica, told,Jessica
680,Paul, left,hand
681,Paul, shifted own,knife
682,Jessica, forced,Jessica
683,Paul, met,mother
684,Jessica, own,words
685,Jessica, swept,glance
686,Stilgar, faced,Jessica
687,Jessica, saw,belief
688,Paul, told,Paul
689,Stilgar, touched ’s,Paul forehead
690,Stilgar, released,Paul
691,Stilgar, held,Paul
692,Paul, told,Paul
693,Icannot, let,Icannot
694,God, created,Arrakis
695,Heat, forced,Jessica thoughts
696,Jessica, found,Jessica
697,Stillgar, knew,suit
698,Stillgar, corrected,Stillgar
699,Jessica, said,way
700,Jessica, asked,Jessica
701,Paul, watched,hand move
702,Paul, allowed,Paul
703,Paul, shifted,Stilgar attention
704,Paul, saw,faces
705,Jamis, drew,friend
706,Paul, felt,tears
707,Paul, groped,Paul
708,Usul, gives,moisture
709,Paul, felt,fingers
710,Paul, damp,cheek
711,Paul, recognized ’s,Chani face
712,Chani, pass,Muad’Dib
713,Chani, guided,Paul hands
714,Chani, held,others
715,Chani, extended,hand
716,Stilgar, passed,wash
717,Stilgar, felt,steps
718,Paul, felt ’s,Chani hand
719,Paul, pressed,Paul
720,Jessica, saw,pool
721,Jessica, worked,Jessica
722,Stilgar, cocked,head
723,Jessica, felt,son
724,Chani, knew,Chani
725,Jessica, asked,Jessica
726,Rautha Harkonnen, killed,Harkonnen
727,Rautha, dipped,Baron head
728,Baron, studied,Feyd
729,Rautha, turned,man attention
730,Baron, tipped gross,head
731,Baron, waddling,gait
732,Emperor, deserves,credit
733,Emperor, has,obligations
734,Baron, studied,Fenring
735,Baron, hopes,Emperor
736,Baron, permitted,anger
737,Baron, held,breath
738,Baron, found difficult to keep,Count irony
739,Baron, kept,Baron
740,Baron, raised,voice
741,Baron, did sudden,stiffening
742,Baron, felt,Baron
743,Rautha, led,Baron troupe
744,Rautha, led,Baron men
745,Rautha, prided,Baron
746,Rautha, felt own,gladiator excitement kindle
747,Rautha, gave,ground
748,Hawat, drew long,blade
749,Hawat, drew short,blade
750,Baron, waved,hand
751,Baron, watched,people
752,Baron, pushed,Baron
753,Count Fenring, faced,man
754,Count Fenring, faced,man lady
755,Baron, eliminate,Hawat
756,Paul, wiped,sweat
757,Paul, helped,Paul
758,Paul, asked,Paul
759,Paul, realized,man
760,Farok, found,Farok
761,Stilgar, gave,head
762,Stilgar, swept,Paul eyes
763,Paul, weirding,ways
764,Stilgar, returned stare,Paul
765,Gaib, turned,eyes
766,Stilgar, returned,attention
767,Paul, mourning,woman man
768,Harah, lifted,Stilgar arms
769,Jamis, bested,Geoff
770,Paul, faced,Harah
771,Paul, took ’s,Harah arm
772,Paul, smoothed,voice
773,Paul, released,Chani arm
774,Paul, glimpsed,adult shapes
775,Paul, caught,Paul
776,Paul, remembered,bits
777,Stilgar, tells,sietch
778,Paul, slowed,pace
779,Paul, felt,Paul
780,Paul, masked,unease
781,Paul, shook,head
782,Jessica, felt,misgivings
783,Stilgar, took,arm
784,Stilgar, left,arm
785,Paul, asked,guard
786,Jessica, ignored ’s,Chani approach
787,Jessica, saw,Paul
788,Jessica, asked,Jessica
789,Jessica, felt,Jessica
790,Jessica, felt,Jessica
791,Jessica, reminded,Jessica
792,Jessica, asked,Jessica
793,Jessica, asked,Jessica
794,Jessica, swallowed,gulp
795,Jessica, studied ’s,Chani face
796,Jessica, told,Jessica
797,Jessica, realized,Jessica
798,Jessica, sensed,people
799,Jessica, focused,attention
800,Jessica, asked,Jessica
801,Ramallo, found,extension
802,Ramallo, sensed,motion
803,Jessica, told,Jessica
804,Jessica, compelled,Jessica
805,Jessica, fought,Terror
806,Jessica, told,Jessica
807,Jessica, reduced,Jessica
808,Reverend Mother, asserted,presence
809,Jessica, saw,lover strength
810,Jessica, asked,Jessica
811,Jessica, watched,mote
812,Reverend Mother, left,fetus
813,Reverend Mother, left,fetus life
814,Jessica, saw own,life
815,Jessica, opened,eyes
816,Jessica, realized,words
817,Jessica, opened,mind
818,Paul, searched,memory
819,Paul, felt,carnival excitement
820,Chani, put,hand
821,Paul, followed,father
822,Paul, found losing,focus
823,Chani, steadied,Paul
824,Paul, saw,head
825,Chani, pulled,child
826,Chani, held,Chani
827,Harkonnen, called,Feyd
828,Paul, felt,Paul
829,Paul future, becoming,memories
830,Nefud, returned,attention
831,Baron, held,Nefud voice
832,Rautha, had own,Baron spy system
833,Baron, kept,hand
834,Baron, snapped,fingers
835,Nefud, signaled,men
836,Rautha, indicated,Baron fear
837,Baron, asked,Baron
838,Rautha, forced,Rautha
839,Baron, kept,body
840,Rautha, studied,Baron uncle
841,Baron, shook,head
842,Baron, found,Baron
843,Baron, shook,head
844,Baron, shook,head
845,Rautha, studied,Baron uncle
846,Rautha, betrayed,anger
847,Hawat, believes,Hawat
848,Baron, ask,Baron
849,Hawat, thinks,Hawat
850,Rautha, spoke,words
851,Rautha, asked,Rautha
852,Thufir Hawat, told,Hawat
853,Emperor, gets,Secundus Sardaukar
854,Baron, pursed fat,lips
855,Hawat, asked,Hawat
856,Baron, shook,head
857,Baron, rubbed,jowls
858,Baron, pursed fat,lips
859,Sardaukar, produced,recruits
860,Emperor, sent first,Secundus contingents
861,Baron, composed,features
862,Baron, opened,eyes
863,Hawat, shook,Baron head
864,Baron, studied,Mentat
865,Baron, turned,hands
866,Baron, asked,Baron
867,Halleck, hiding,place
868,Baron, told,Baron
869,Baron, asked,Baron
870,Muad’Dib, told,Muad’Dib
871,Muad’Dib, told,Chani
872,Paul, told,Paul
873,Paul, told,Paul
874,Paul, remembered,Paul
875,Paul, suppressed,anger
876,Paul, told,Paul
877,Paul, reassured,Paul
878,Fremen, believed had,Paul Paul
879,Paul, had true,existence
880,Paul, knew,fear
881,Paul, told,Paul
882,Paul, told,Paul
883,Paul, remembered,world
884,Chani, heard,Paul
885,Paul, saw,Stilgar
886,Paul, saw,movement
887,Paul, told,Paul
888,Paul, knew,leadership
889,Paul, saw,universe
890,Chani, joined,Paul
891,Chani, studied,Paul mood
892,Alia, incites,trouble
893,Paul, asked,Paul
894,Paul, resisted terrible,purpose
895,Chani, had,Chani
896,Paul, own,eyes
897,Stilgar, squared,shoulders
898,Paul, saluted,banner
899,Paul, accepted,shafts
900,Paul, left,hand
901,Paul, told,Paul
902,Paul, left,hand
903,Paul, overcame,Stilgar
904,Paul, cautioned,Paul
905,Jessica, resting,chamber
906,Jessica, knew,Jessica
907,Jessica, knew,chamber
908,Jessica, knew,Jessica
909,Jessica, knew,Jessica
910,Jessica, asked,Jessica
911,Paul, passed,test
912,Jessica, asked,Jessica
913,Jessica, wore,sietch sandals
914,Harah, came,Alia
915,Jessica, sensed,amusement
916,Jessica, shook,head
917,Jessica, asked,Jessica
918,Jessica, found,daughter
919,Jessica, returned,attention
920,Jessica, reminded,Jessica
921,Jessica, felt,surprise
922,Jessica, asked,Jessica
923,Alia, shook,head
924,Jessica, loved,Alia
925,Jessica, recognized,woman
926,Paul, feel,power
927,Jessica, lowered,gaze
928,Tharthar, cleared,Jessica throat
929,Jessica, met ’s,Tharthar gaze
930,Muad’Dib, slays,Stilgar
931,Harah, shook,head
932,Jessica, swept,gaze
933,Paul, steadied,Paul
934,Paul, lifted,hooks
935,Paul, felt,hooks bite
936,Paul, found,Paul
937,Paul, saw,others
938,Stilgar, slapped ’s,Paul shoulder
939,Paul, motioned,flankers
940,Paul, had,worm
941,Paul, kept,attention
942,Stilgar, studied,Paul
943,Stilgar, pulled,robe
944,Paul, thinks call,Iwill Paul
945,Paul, knows,Paul
946,Paul, exposed,cheeks
947,Paul, knew,Paul
948,Stilgar, steadied,Stilgar
949,Stilgar, heard,pain
950,Gaib, knew,maker
951,Stilgar, removed,hand
952,Stilgar, left,hand
953,Paul, shook,Paul
954,Paul, recognized,Chani
955,Usul, thinks,Fremen
956,Gurney, sheathed,Halleck binoculars
957,Gurney, checked,weapons
958,Fremen, worried,Gurney
959,Gurney, tested,crawler muscles
960,Gurney, had,time
961,Gurney, threw,hood
962,Gurney, shook,head
963,Paul, saw,swordmaster
964,Gurney, standing,guard
965,Paul, saw,Stilgar
966,Duke, shook,head
967,Fremen, waving,Gurney kerchief
968,Fremen, struck,Gurney
969,Gurney, saw,Fremen
970,Paul, shook,head
971,Gurney, shook,Paul head
972,Paul, signaled,Paul
973,Gurney, studied,Paul
974,Stilgar, extended,Paul hand
975,Gurney, retrieve,clatter
976,Paul, left,cheek
977,Paul, saw,motion
978,Paul, returned,attention
979,Paul, shook,head
980,Paul, left,hand
981,Stilgar, opened,hand
982,Paul, killed,Jamis
983,Gurney, disturbed,Halleck
984,Jessica, found,Jessica
985,Paul, lifted,chin
986,Paul, raised,voice
987,Paul, hurled,voice
988,Paul, says,Paul
989,Jessica, saw ’s,Paul intent
990,Paul, pushed,message
991,Paul, raised,fist
992,Emperor, says,yea
993,Paul, lifted,Paul
994,Stilgar, had,crysknife
995,Jessica, translated,chouhada
996,Paul, faced,Stilgar
997,Paul, lowered,commander voice
998,Stilgar, commands,knife
999,Paul, motioned,mother
1000,Jessica, asked,Jessica
1001,Jessica, brings,Chani
1002,Jessica, imagined,Jessica
1003,Jessica, placed,palms
1004,Paul, shook,head
1005,Paul, lifted,crysknife
1006,Yueh, gave,love
1007,Jessica, felt losing,control
1008,Jessica, found,voice
1009,Jessica, saw ’s,Paul eyes
1010,Paul, dropped,chin
1011,Gurney, opened,eyes
1012,Paul, led,mother
1013,Paul, forced,Paul
1014,Paul, heard,Gurney
1015,Muad’Dib, asked,mother
1016,Alia, gathered,robe
1017,Alia, quickened,pace
1018,Otheym, pressed,palms
1019,Chani, lowered,gaze
1020,Chani, held,face
1021,Chani, asked,Chani
1022,Chani, felt,Jessica heart
1023,Jessica, kept,voice
1024,Jessica, knows,Paul
1025,Chani, thrust,Chani
1026,Paul, illuminated,face
1027,Chani, found,thoughts
1028,Chani, disengaged,hand
1029,Jessica, wet,lips
1030,Paul, take,nourishment
1031,Chani, lowered,Chani
1032,Jessica, closed,eyes
1033,Jessica, asked,Jessica
1034,Jessica, studied ’s,Paul face
1035,Chani, pressed,Paul
1036,Paul, dipped,hand
1037,Paul, grabbed,Jessica hand
1038,Paul, sent,awareness
1039,Jessica, shook,head
1040,Jessica, closed,eyes
1041,Jessica, opened,eyes
1042,Jessica, quieted,Jessica
1043,Paul, released,Jessica hand
1044,Chani, helped,Jessica
1045,Chani, disengaged,Chani
1046,Jessica, shook,head
1047,Dib, forced,Dib
1048,Great House, has,House
1049,Great House, has,House raiders
1050,Chani, shook,head
1051,Jessica, weighed,Paul words
1052,Paul, cupped,hand
1053,Chani, found,voice
1054,Paul, returned,attention
1055,Paul, felt,time
1056,Gurney Halleck, cleared,Paul
1057,Gurney Halleck, cleared,Paul throat
1058,Gurney, shook,Paul head
1059,Gurney, allows,Gurney
1060,Paul, studying,Stilgar
1061,Stilgar, nodded,agreement
1062,Paul, motioned to take,Fedaykin
1063,Paul, fastened,face
1064,Paul, touched,shoulder
1065,Paul, exposed,cheeks
1066,Paul, felt,Paul
1067,Baron, stilled,Baron
1068,Baron, darted,gaze
1069,Baron, lowered,gaze
1070,Baron, asked,Baron
1071,Baron, brings,pages
1072,Baron, poised several,times
1073,Emperor, snapped,fingers
1074,Emperor, cleared,Baron throat
1075,Baron, asked,Baron
1076,Baron, shifted,attention
1077,Baron, pushed,Baron
1078,Baron, waved,Truthsayer
1079,Emperor, lifted,Emperor
1080,Baron, found,voice
1081,Emperor, snapped,Alia attention
1082,Emperor, studied,Alia
1083,Baron, hurled,Majesty
1084,Baron, left,palm
1085,Paul, jerked,chin
1086,Paul, cleared,throat
1087,Paul, closed,eyes
1088,Paul, gave,thoughts
1089,Paul, opened,eyes
1090,Paul, torn,uniform
1091,Paul, couched,words
1092,Paul, left,hand
1093,Stilgar, cleared,throat
1094,Jessica, wore,black
1095,Jessica, saw,Paul fatigue
1096,Paul, hid,fatigue
1097,Jessica, beloved,Leto
1098,Paul, shook,head
1099,Jessica, gives,water
1100,Paul, moved,Chani
1101,m’Lord, wanted,chance
1102,Emperor, commanded,Paul use
1103,Padishah Emperor Shaddam IV, led,Paul
1104,Padishah Emperor Shaddam IV, led,Paul people
1105,Paul, swept,gaze
1106,Paul, felt,Paul
1107,Paul, seen,moment
1108,Paul, forced,attention
1109,Paul, knew,woman
1110,Paul, saw,movement
1111,Hawat, left,hand
1112,Paul, lowered,Hawat
1113,Bene Gesserit, controlled,atonals
1114,Emperor, cleared,Paul throat
1115,Humans, isolated,planets
1116,Paul, means,power
1117,Truthsayer, pulled shapeless black,Paul robes
1118,Paul, raised,voice
1119,Paul, turned,attention
1120,Paul, silenced,Chani
1121,Paul, raised,voice
1122,Paul, pushed,Truthsayer
1123,Paul, slipped,robe
1124,Jessica, touched ’s,Gurney arm
1125,Jessica, hid,face
1126,Rautha, saluted,Paul
1127,Paul, own,milk
1128,Paul, left,hand
1129,Paul, resumed,Paul
1130,Paul, resumed probing,circle
1131,Paul, left,arm
1132,Paul, realigned own,metabolism
1133,Paul, left,hand
1134,Paul, know own,moment
1135,Paul, suspect,poison
1136,Paul, dropped,cloak
1137,Rautha, matched ’s cold,Paul smile
1138,Paul, shifted,crysknife
1139,Paul, left,hand
1140,Paul, reminded,Paul
1141,Paul, missed,Paul
1142,Paul, twisted left,hand
1143,Paul, pushed,Paul
1144,Count, met stare,Paul
1145,Paul, faced,Paul
1146,Paul, cleared,throat
1147,Atreides, promised,presence
1148,God, created,Arrakis
1149,Paul, dropped,arm
1150,Usul, has,wisdom
1151,Jessica, has,pretensions
1152,Jessica, finds,solace
1153,hulud, moved,executioner
1154,Kynes, told,child
1155,Muad’Dib, quoted,word
1156,Lady Jessica, defied,concubine
1157,Lady Jessica, defied,concubine orders
1158,Paul Atreides, showed,ability
1159,Padishah Emperor, reoccupied,Arrakis
1160,Gesserit, sent,voice Missionaria Protectiva
1161,Bene Gesserit, sent,voice Missionaria Protectiva
1162,Bene Gesserit, sent,voice Missionaria
1163,Guild, Spacing made,overtures
1164,Imperial House Corrino, took,Corrino
1165,Imperial House Corrino, took,Corrino name
1166,GRUMMAN, ruling,House
1167,Baron, means,heir
1168,BIBLE, contains,elements
1169,SUSPENSOR, nullifies,gravity
1170,BURHAN, brings,death
1171,Fremen, chanting,cadence
